<?xml version="1.0" encoding="UTF-8"?>
<project-private xmlns="http://www.netbeans.org/ns/project-private/1">
    <editor-bookmarks xmlns="http://www.netbeans.org/ns/editor-bookmarks/2" lastBookmarkId="0"/>
    <open-files xmlns="http://www.netbeans.org/ns/projectui-open-files/2">
        <group>
            <file>file:/Users/Ari/NetBeansProjects/TextGenGhanger/src/textgenchanger/LikeJSON.java</file>
            <file>file:/Users/Ari/NetBeansProjects/TextGenGhanger/src/textgenchanger/TextGenChanger.java</file>
            <file>file:/Users/Ari/NetBeansProjects/TextGenGhanger/src/textgenchanger/DRY.java</file>
        </group>
    </open-files>
</project-private>
