<?xml version="1.0" encoding="UTF-8"?>
<project-private xmlns="http://www.netbeans.org/ns/project-private/1">
    <editor-bookmarks xmlns="http://www.netbeans.org/ns/editor-bookmarks/2" lastBookmarkId="0"/>
    <open-files xmlns="http://www.netbeans.org/ns/projectui-open-files/2">
        <group>
            <file>file:/Users/Ari/NetBeansProjects/comp1011_2015_09_23/src/hr/SalaryEmployee.java</file>
            <file>file:/Users/Ari/NetBeansProjects/comp1011_2015_09_23/src/AristotleToolBox/EntityInformation.java</file>
            <file>file:/Users/Ari/NetBeansProjects/comp1011_2015_09_23/src/hr/HourlyEmployee/FullTimeEmployee.java</file>
            <file>file:/Users/Ari/NetBeansProjects/comp1011_2015_09_23/src/AristotleToolBox/DRY.java</file>
            <file>file:/Users/Ari/NetBeansProjects/comp1011_2015_09_23/src/products/Product.java</file>
            <file>file:/Users/Ari/NetBeansProjects/comp1011_2015_09_23/src/hr/Employee.java</file>
            <file>file:/Users/Ari/NetBeansProjects/comp1011_2015_09_23/src/products/Manufacturer.java</file>
            <file>file:/Users/Ari/NetBeansProjects/comp1011_2015_09_23/src/hr/HourlyEmployee/HourlyEmployee.java</file>
            <file>file:/Users/Ari/NetBeansProjects/comp1011_2015_09_23/src/Store/Tester.java</file>
            <file>file:/Users/Ari/NetBeansProjects/comp1011_2015_09_23/src/products/ManufacturerHelper.java</file>
            <file>file:/Users/Ari/NetBeansProjects/comp1011_2015_09_23/src/AristotleToolBox/Check.java</file>
            <file>file:/Users/Ari/NetBeansProjects/comp1011_2015_09_23/src/products/ProductHelper.java</file>
            <file>file:/Users/Ari/NetBeansProjects/comp1011_2015_09_23/src/hr/HourlyEmployee/SeasonalEmployee.java</file>
            <file>file:/Users/Ari/NetBeansProjects/comp1011_2015_09_23/src/hr/SalaryPlusComissionEmployee.java</file>
            <file>file:/Users/Ari/NetBeansProjects/comp1011_2015_09_23/src/Store/ARIMART.java</file>
            <file>file:/Users/Ari/NetBeansProjects/comp1011_2015_09_23/src/hr/CommissionedEmployee.java</file>
            <file>file:/Users/Ari/NetBeansProjects/comp1011_2015_09_23/src/hr/HourlyEmployee/PartTimeEmployee.java</file>
            <file>file:/Users/Ari/NetBeansProjects/comp1011_2015_09_23/src/hr/EmpUtility.java</file>
        </group>
    </open-files>
</project-private>
